sin(0);0
sin(1);0.8414709848078965
sin(2);0.9092974268256817
sin(3);0.1411200080598671
sin(4);-0.7568024953079275
